{
    "locations":[
		{
			"location":0,
			"sprite_index":28,
			"blocks":[

				{"x":0,"y":12,"w":15,"h":1,"type":"TILE_WALL"},
				{"x":18,"y":12,"w":6,"h":1,"type":"TILE_WALL"},
				{"x":29,"y":12,"w":13,"h":1,"type":"TILE_WALL"},

				{"x":0,"y":19,"w":4,"h":1,"type":"TILE_WALL"},
				{"x":6,"y":21,"w":5,"h":1,"type":"TILE_WALL"},
				{"x":22,"y":21,"w":20,"h":1,"type":"TILE_WALL"},

				{"x":0,"y":30,"w":42,"h":1,"type":"TILE_WALL"},

				{"x":0,"y":15,"w":1,"h":15,"type":"TILE_WALL"},
				{"x":41,"y":22,"w":1,"h":8,"type":"TILE_WALL"},
				{"x":1,"y":8,"w":3,"h":4,"type":"TILE_WALL"},

				{"x":15,"y":12,"w":3,"h":14,"type":"TILE_STAIRS"}
			],
			"flares":[
				{"x":29,"y":15},
				{"x":40,"y":15},
				{"x":3,"y":24},
				{"x":22,"y":24},
				{"x":40,"y":24}
			],
			"portals":[
			{
				"x":41,
				"y":6,
				"w":1,
				"h":6,
				"warp_location":1,
				"hero_spawn":{"x":8,"y":48},
				"enemy_spawn":{"x":8,"y":48}
			},
			{
				"x":41,
				"y":15,
				"w":1,
				"h":6,
				"warp_location":1,
				"hero_spawn":{"x":8,"y":84},
				"enemy_spawn":{"x":8,"y":48}
			}
			],
			"hero_spawn":{"x":52,"y":48},
			"enemy_spawn":{"x":156,"y":48}
		},

		{
			"location":1,
			"sprite_index":29,
			"blocks":[

				{"x":0,"y":12,"w":10,"h":1,"type":"TILE_WALL"},
				{"x":15,"y":12,"w":4,"h":1,"type":"TILE_WALL"},
				{"x":22,"y":12,"w":4,"h":1,"type":"TILE_WALL"},
				{"x":31,"y":12,"w":11,"h":1,"type":"TILE_WALL"},

				{"x":0,"y":21,"w":15,"h":1,"type":"TILE_WALL"},
				{"x":26,"y":21,"w":16,"h":1,"type":"TILE_WALL"},

				{"x":0,"y":30,"w":42,"h":1,"type":"TILE_WALL"},

				{"x":0,"y":24,"w":1,"h":6,"type":"TILE_WALL"},
				{"x":41,"y":15,"w":1,"h":15,"type":"TILE_WALL"},

				{"x":19,"y":12,"w":3,"h":5,"type":"TILE_STAIRS"},
				{"x":19,"y":21,"w":3,"h":5,"type":"TILE_STAIRS"}
			],
			"flares":[
				{"x":9,"y":15},
				{"x":31,"y":15},

				{"x":3,"y":24},
				{"x":14,"y":24},
				{"x":26,"y":24},
				{"x":38,"y":24}
			],
			"portals":[
				{
					"x":0,
					"y":6,
					"w":1,
					"h":6,
					"wapr_location":0,
					"hero_spawn":{"x":156,"y":48},
					"enemy_spawn":{"x":156,"y":48}
				},
				{
					"x":0,
					"y":15,
					"w":1,
					"h":6,
					"warp_location":0,
					"hero_spawn":{"x":156,"y":84},
					"enemy_spawn":{"x":156,"y":48}
				},
				{
					"x":41,
					"y":6,
					"w":1,
					"h":6,
					"warp_location":2,
					"hero_spawn":{"x":8,"y":48},
					"enemy_spawn":{"x":8,"y":48}
				}
			]
		},


		{
			"location":2,
			"sprite_index":30,
			"blocks":[

				{"x":0,"y":12,"w":10,"h":1,"type":"TILE_WALL"},
				{"x":14,"y":12,"w":3,"h":1,"type":"TILE_WALL"},
				{"x":20,"y":12,"w":7,"h":1,"type":"TILE_WALL"},
				{"x":30,"y":12,"w":12,"h":1,"type":"TILE_WALL"},

				{"x":0,"y":21,"w":5,"h":1,"type":"TILE_WALL"},
				{"x":9,"y":21,"w":7,"h":1,"type":"TILE_WALL"},
				{"x":21,"y":21,"w":7,"h":1,"type":"TILE_WALL"},
				{"x":34,"y":21,"w":5,"h":1,"type":"TILE_WALL"},

				{"x":0,"y":30,"w":42,"h":1,"type":"TILE_WALL"},

				{"x":0,"y":15,"w":1,"h":15,"type":"TILE_WALL"},
				{"x":41,"y":15,"w":1,"h":15,"type":"TILE_WALL"},
				{"x":31,"y":15,"w":1,"h":7,"type":"TILE_WALL"},
				{"x":35,"y":8,"w":3,"h":4,"type":"TILE_WALL"},

				{"x":17,"y":12,"w":3,"h":14,"type":"TILE_STAIRS"}

			],
			"flares":[
				{"x":4,"y":15},
				{"x":9,"y":15},
				{"x":23,"y":15},
				{"x":26,"y":15},
				{"x":30,"y":15},

				{"x":4,"y":24},
				{"x":9,"y":24},
				{"x":15,"y":24},
				{"x":21,"y":24},
				{"x":27,"y":24}
			],
			"portals":[
				{
					"x":0,
					"y":6,
					"w":1,
					"h":6,
					"warp_location":1,
					"hero_spawn":{"x":156,"y":48},
					"enemy_spawn":{"x":156,"y":48}
				}
			]
		}

    ]
}